{
  "name": "Rock",
  "systemName": "rock",
  "author": "Frank Ali",
  "version": 0.2,
  "meshName": "smoothDice",
  "meshFile": "smoothDice.json",
  "material": {
    "type": "color",
    "diffuseTexture": {
      "light": "diffuse-light.png",
      "dark": "diffuse-dark.png"
    },
    "bumpTexture": "normal.png",
    "specularTexture": "specularity.jpg",
    "diffuseLevel": 1,
    "bumpLevel": 1,
    "specularPower": 0.5
  },
  "themeColor": "#b7aca1",
  "diceAvailable": ["d4","d6","d8","d10","d12","d20","d100"]
}