{
  "name": "Blue Green Weathered Metal",
  "systemName": "blueGreenMetal",
  "author": "Frank Ali",
  "version": 0.2,
  "meshName": "smoothDice",
  "meshFile": "smoothDice.json",
  "material": {
    "type": "standard",
    "diffuseTexture": "diffuse.jpg",
    "bumpTexture": "normal.png",
    "specularTexture": "roughness.jpg",
    "diffuseLevel": 1,
    "bumpLevel": 0.5,
    "specularPower": 1
  },
  "physics": {
    "mass": 3,
    "friction": 0.4,
    "restitution": 0.2
  },
  "diceAvailable": ["d4","d6","d8","d10","d12","d20","d100"]
}